{"type":"FeatureCollection","features":[{"type":"Feature","id":55910,"geometry":{"type":"Point","coordinates":[-104.74939835966794,40.275795549975079]},"properties":{"objectid":55910,"boundary":null,"comments":"The outage has been reported. Please continue to check back for additional updates regarding the restoration progress.","customers":1,"off_":1767484620000,"etr":1767492900000,"ticket":"4001735","outageimpact":"Small","outagetype":"Unplanned Outage","medialink":null,"outagestatus":0,"datastatus":null,"latlong":"4906101.4494,-11660649.6863","states":"CO","crewstatus":null,"globalid":"{F06BAE88-1341-45D2-A409-2073DE14B4ED}","county":"WELD","cause":"Outage","city":"Platteville","xcelarea":"Platteville"}},{"type":"Feature","id":55907,"geometry":{"type":"Point","coordinates":[-104.77234537983301,40.289303390185019]},"properties":{"objectid":55907,"boundary":null,"comments":"The outage has been reported. Please continue to check back for additional updates regarding the restoration progress.","customers":443,"off_":1767484320000,"etr":1767494700000,"ticket":"4001735","outageimpact":"Medium","outagetype":"Unplanned Outage","medialink":null,"outagestatus":0,"datastatus":null,"latlong":"4908072.552199997,-11663204.1369","states":"CO","crewstatus":null,"globalid":"{A6326420-5F7A-48B2-9760-2D85628B8D3E}","county":"WELD","cause":"Outage","city":"La Salle,  Gilcrest,  Platteville","xcelarea":"La Salle,  Gilcrest,  Platteville"}},{"type":"Feature","id":55672,"geometry":{"type":"Point","coordinates":[-104.92586529964416,39.709185049922674]},"properties":{"objectid":55672,"boundary":null,"comments":"The outage has been reported. Please continue to check back for additional updates regarding the restoration progress.","customers":15,"off_":1767381540000,"etr":1767553200000,"ticket":"4001735","outageimpact":"Small","outagetype":"Unplanned Outage","medialink":null,"outagestatus":0,"datastatus":null,"latlong":"4823771.401900001,-11680293.896200001","states":"CO","crewstatus":null,"globalid":"{E3DEE395-EE59-4F04-B7DE-C8DE97CB7F47}","county":"DENVER, ARAPAHOE","cause":"Outage","city":"Denver,  Glendale","xcelarea":"Denver,  Glendale"}}]}